Season,Season Type,Week,Player Name,Position,Team Abbreviation,Avg Cushion,Avg Separation,Avg Intended Air Yards,Share of Intended Air Yards (%),Receptions,Targets,Catch Percentage,Yards,Receiving Touchdowns,Avg Yards After Catch,Avg Expected YAC,YAC Above Expectation,Player GSIS ID,Headshot
2025,REG,0,Marvin Mims,WR,DEN,7.816410256410257,4.528699894119983,8.966862745098041,10.444706844296649,37,51,72.54901960784314,322.0,1,6.515135135135135,6.0426059766027445,0.4725291585323905,00-0038976,"https://static.www.nfl.com/image/upload/f_auto,q_auto/league/zbdjtph5xplbf4yocz0l"
2025,REG,0,Tre Tucker,WR,LV,7.618735632183907,3.6219217863116016,10.305434782608698,29.081840796782934,57,92,61.95652173913043,696.0,5,5.249824561403507,5.017804735462975,0.2320198259405321,00-0038563,"https://static.www.nfl.com/image/upload/f_auto,q_auto/league/fsx05ats4azj8mus03d4"
2025,REG,0,Luther Burden,WR,CHI,7.425192307692305,4.630454576457557,7.264833333333334,9.733446174527218,47,60,78.33333333333333,652.0,2,7.41787234042553,6.491090834601449,0.9267815058240814,00-0040735,"https://static.www.nfl.com/image/upload/f_auto,q_auto/league/iyuwdz7pbowdkwzq2tg5"
2025,REG,0,Jordan Addison,WR,MIN,7.27987012987013,2.867290530063287,14.401518987341772,29.91056171031669,42,79,53.16455696202531,610.0,3,3.589285714285713,2.9627840873548057,0.6265016269309078,00-0038994,"https://static.www.nfl.com/image/upload/f_auto,q_auto/league/s2ey8g5memyqvxc52uzy"
2025,REG,0,Josh Downs,WR,IND,7.213918918918919,2.6805034029614965,7.7382954545454545,15.8832749443711,58,88,65.9090909090909,559.0,4,2.677241379310345,2.5429074287822906,0.1343339505280543,00-0038997,"https://static.www.nfl.com/image/upload/f_auto,q_auto/league/gqozitn9vxnp8acz6wwg"
2025,REG,0,Travis Hunter,WR,JAX,7.03475,3.3185259802665024,7.594666666666667,7.005374558781931,28,45,62.22222222222222,298.0,1,5.498928571428572,4.736819089659643,0.7621094817689293,00-0040718,"https://static.www.nfl.com/image/upload/f_auto,q_auto/league/apfzii6u8pwj9ntvyfkk"
2025,REG,0,John Metchie,WR,NYJ,7.002195121951219,3.833602894849869,5.2231250000000005,7.679301631059039,33,48,68.75,274.0,2,4.565757575757576,5.43295408121705,-0.8671965054594732,00-0037614,"https://static.www.nfl.com/image/upload/f_auto,q_auto/league/u7ir1sy2vrpidvwpndqd"
2025,REG,0,D.J. Moore,WR,CHI,6.812857142857143,3.271765191029652,11.408,21.65300439678715,50,85,58.82352941176471,667.0,6,4.7308,4.120880524416065,0.6099194755839346,00-0034827,"https://static.www.nfl.com/image/upload/f_auto,q_auto/league/qphturmeiifnqrnf5pax"
2025,REG,0,Chris Olave,WR,NO,6.8091333333333335,2.945061511109885,11.639871794871796,39.2775332302268,100,156,64.1025641025641,1163.0,9,3.0336000000000003,3.55473267908365,-0.5211326790836499,00-0037239,"https://static.www.nfl.com/image/upload/f_auto,q_auto/league/vrrmyvpvujynckag9jop"
2025,REG,0,Michael Pittman,WR,IND,6.776542056074766,3.0333786487343044,7.985405405405407,20.674357527044744,80,111,72.07207207207207,793.0,7,3.842,3.4212331766003743,0.4207668233996258,00-0036252,"https://static.www.nfl.com/image/upload/f_auto,q_auto/league/z78xpye9hing1e7wke8b"
2025,REG,0,Evan Engram,TE,DEN,6.773653846153845,4.577735615988696,4.299605263157894,7.463245622249273,50,76,65.78947368421053,461.0,1,6.332600000000001,6.416316275385167,-0.0837162753851661,00-0033881,"https://static.www.nfl.com/image/upload/f_auto,q_auto/league/vsrjso6phkjqki88qw9y"
2025,REG,0,Chimere Dike,WR,TEN,6.772238805970148,3.803517133753788,8.205810810810812,15.646870265200324,48,74,64.86486486486487,423.0,4,4.776666666666667,5.002598585238759,-0.2259319185720913,00-0040705,"https://static.www.nfl.com/image/upload/f_auto,q_auto/league/njdduv9jx7c8vlrll8ex"
2025,REG,0,Xavier Legette,WR,CAR,6.733448275862068,2.599621613011183,10.80453125,20.30789743409016,35,64,54.6875,363.0,3,2.449428571428572,3.021083677756053,-0.5716551063274808,00-0039342,"https://static.www.nfl.com/image/upload/f_auto,q_auto/league/j4jj8rvgzji7zut86ux7"
2025,REG,0,Ricky Pearsall,WR,SF,6.718627450980391,2.338227192919033,13.946603773584902,18.11886576003294,36,53,67.9245283018868,528.0,0,2.1919444444444443,2.929483550066206,-0.7375391056217624,00-0039916,"https://static.www.nfl.com/image/upload/f_auto,q_auto/league/ko3lwlcfkxaykcspt4nw"
2025,REG,0,Wan'Dale Robinson,WR,NYG,6.710916666666666,3.365855718834662,8.654928571428572,27.615607265765675,92,140,65.71428571428571,1014.0,4,4.577500000000001,4.23268274753739,0.3448172524626107,00-0038117,"https://static.www.nfl.com/image/upload/f_auto,q_auto/league/yzcvyhmilvxedfjfjglc"
2025,REG,0,Terry McLaurin,WR,WAS,6.691833333333333,2.3780530890909906,14.059333333333331,22.39222764918242,38,60,63.33333333333333,582.0,3,2.774473684210527,2.690873285149433,0.0836003990610936,00-0035659,"https://static.www.nfl.com/image/upload/f_auto,q_auto/league/wokz1etv1wj1vhbmvxgs"
2025,REG,0,Khalil Shakir,WR,BUF,6.6916,3.8039981933559166,3.536526315789473,9.795957640362948,72,95,75.78947368421053,686.0,4,7.375694444444444,5.491952738039616,1.8837417064048283,00-0037261,"https://static.www.nfl.com/image/upload/f_auto,q_auto/league/otadttbhvkmavhsonnqm"
2025,REG,0,Troy Franklin,WR,DEN,6.690531914893617,3.008025890829162,12.681346153846157,30.122031157571623,65,104,62.5,709.0,6,4.330923076923077,4.033374873771905,0.2975482031511722,00-0039868,"https://static.www.nfl.com/image/upload/f_auto,q_auto/league/belpdlyoda8cmzbvjkqh"
2025,REG,0,DeMario Douglas,WR,NE,6.599512195121952,3.936569641062553,9.940652173913042,10.384593548094069,31,46,67.3913043478261,447.0,3,7.039354838709677,6.198655219182784,0.8406996195268928,00-0038621,"https://static.www.nfl.com/image/upload/f_auto,q_auto/league/almsm6nmovpasu8ts9u3"
2025,REG,0,Chris Godwin,WR,TB,6.597083333333334,2.817862940990965,7.82,9.140664750615384,33,51,64.70588235294117,360.0,2,6.502121212121213,4.30395807014725,2.1981631419739625,00-0033921,"https://static.www.nfl.com/image/upload/f_auto,q_auto/league/ilkheljdx4hbjpisulke"
2025,REG,0,Darnell Mooney,WR,ATL,6.569305555555555,3.018190615882234,14.16777777777778,24.951812533633383,32,72,44.44444444444444,443.0,1,2.4853125,2.710555410169132,-0.2252429101691322,00-0036309,"https://static.www.nfl.com/image/upload/f_auto,q_auto/league/eaejonwaflt9drrs9ika"
2025,REG,0,Kendrick Bourne,WR,SF,6.504705882352942,2.8762101841502,10.627924528301886,13.807371383188382,37,53,69.81132075471697,551.0,0,4.777027027027027,3.0935046486991986,1.6835223783278286,00-0033307,"https://static.www.nfl.com/image/upload/f_auto,q_auto/league/rroh157jvpywprbfn3vx"
2025,REG,0,Garrett Wilson,WR,NYJ,6.484912280701754,3.057975170073708,9.444745762711865,17.068381958802355,36,59,61.01694915254237,395.0,4,2.859444444444444,2.8862005748812454,-0.0267561304368011,00-0037740,"https://static.www.nfl.com/image/upload/f_auto,q_auto/league/kbijsheobhwej7lh8mvf"
2025,REG,0,Brenton Strange,TE,JAX,6.4606,3.905474016281744,6.5755,8.087050634001155,46,60,76.66666666666667,540.0,3,5.725652173913043,5.95435191583505,-0.2286997419220071,00-0038935,"https://static.www.nfl.com/image/upload/f_auto,q_auto/league/yabpcvadjlrkxzducv7k"
2025,REG,0,Zay Flowers,WR,BAL,6.454454545454546,3.579677557341893,9.922881355932205,34.73831301566769,86,118,72.88135593220339,1211.0,5,5.58267441860465,5.386771908808303,0.1959025097963476,00-0039064,"https://static.www.nfl.com/image/upload/f_auto,q_auto/league/sqqh8gmxdpo55qwpsszj"
2025,REG,0,Rome Odunze,WR,CHI,6.439529411764706,2.9815803100765117,14.078333333333331,28.29329182921083,44,90,48.888888888888886,661.0,6,5.00090909090909,4.0259801419290735,0.9749289489800166,00-0039919,"https://static.www.nfl.com/image/upload/f_auto,q_auto/league/yqjdhpsno75du0n72u4w"
2025,REG,0,Malik Washington,WR,MIA,6.425272727272728,3.6508982788645623,5.191076923076923,10.637419175853797,46,65,70.76923076923077,317.0,3,5.751739130434784,4.855719981711576,0.8960191487232079,00-0039880,"https://static.www.nfl.com/image/upload/f_auto,q_auto/league/kwcgtsbpd0rpwsgq2npe"
2025,REG,0,Parker Washington,WR,JAX,6.424565217391304,2.3909522431815406,12.607368421052632,24.55037777695786,58,95,61.05263157894737,847.0,5,4.932241379310346,3.202053836615306,1.73018754269504,00-0038606,"https://static.www.nfl.com/image/upload/f_auto,q_auto/league/sqgxayp6nrrpvwonksdm"
2025,REG,0,Jakobi Meyers,WR,JAX,6.408333333333333,2.73208851411209,9.42172727272727,31.79003162469978,75,110,68.18181818181817,835.0,3,3.830933333333334,3.4959063865324698,0.3350269468008644,00-0034960,"https://static.www.nfl.com/image/upload/f_auto,q_auto/league/qui5ajbevlk7pfjpcufz"
2025,REG,0,Christian Watson,WR,GB,6.379272727272728,2.004460538060614,17.632545454545454,24.121009222687604,35,55,63.63636363636363,611.0,6,3.585714285714286,2.8407447179881484,0.7449695677261374,00-0038124,"https://static.www.nfl.com/image/upload/f_auto,q_auto/league/syljognztlbghfeqyqn1"
2025,REG,0,Rashid Shaheed,WR,SEA,6.370222222222221,2.7616994228702114,11.54336956521739,28.13375048678204,59,92,64.13043478260869,687.0,2,3.1733898305084747,3.42549215171374,-0.2521023212052649,00-0037545,"https://static.www.nfl.com/image/upload/f_auto,q_auto/league/ynsy489xqmiwt5q9whty"
2025,REG,0,Sam LaPorta,TE,DET,6.365806451612903,3.3747942463098943,5.70265306122449,7.479049400857026,40,49,81.63265306122449,489.0,3,7.032749999999998,6.078487720130232,0.9542622798697664,00-0039065,"https://static.www.nfl.com/image/upload/f_auto,q_auto/league/qfcy3taaoage00rrl0cc"
2025,REG,0,DeVonta Smith,WR,PHI,6.363398058252428,2.8218328496572878,12.01513274336283,32.372829627227595,77,113,68.14159292035397,1008.0,4,3.813896103896104,3.931662799899279,-0.1177666960031751,00-0036912,"https://static.www.nfl.com/image/upload/f_auto,q_auto/league/vj2fz8veorg1k5qthnjm"
2025,REG,0,Marquise Brown,WR,KC,6.352714285714287,3.20973191857489,11.161486486486483,20.04995800420443,49,74,66.21621621621621,587.0,5,4.33204081632653,4.929119774180571,-0.5970789578540412,00-0035662,"https://static.www.nfl.com/image/upload/f_auto,q_auto/league/ixuddegcphzmvjn4jq6r"
2025,REG,0,Olamide Zaccheaus,WR,CHI,6.349344262295082,3.463132481821427,6.99,10.14565892632646,39,65,60.0,313.0,2,3.959487179487179,4.568729195114362,-0.6092420156271832,00-0035208,"https://static.www.nfl.com/image/upload/f_auto,q_auto/league/ucpai2odeunecbe6o1dj"
2025,REG,0,Pat Bryant,WR,DEN,6.329583333333335,2.4050974668202705,8.712040816326532,9.749930910677213,31,49,63.26530612244898,378.0,1,4.810645161290323,3.976836461631594,0.8338086996587295,00-0040134,"https://static.www.nfl.com/image/upload/f_auto,q_auto/league/ljo1rgbaewlzsf7tvavm"
2025,REG,0,Rashee Rice,WR,KC,6.310588235294117,3.5954414569478743,4.4164102564102565,8.362261073053263,53,78,67.94871794871796,571.0,5,8.16679245283019,7.55017194123299,0.6166205115972003,00-0039067,"https://static.www.nfl.com/image/upload/f_auto,q_auto/league/iy0uidp9wokc6a7u8lwq"
2025,REG,0,Ryan Flournoy,WR,DAL,6.304716981132075,3.0408148337499634,8.791785714285712,9.716175733439638,40,56,71.42857142857143,475.0,4,5.02675,4.37439124750571,0.6523587524942895,00-0039410,"https://static.www.nfl.com/image/upload/f_auto,q_auto/league/tqwq3cgpqu7j9hzoyicx"
2025,REG,0,Jaxon Smith-Njigba,WR,SEA,6.295649350649352,3.017568233126393,11.26374233128834,48.63820239006672,119,163,73.00613496932516,1793.0,10,4.8147899159663865,4.020349704162295,0.7944402118040914,00-0038543,"https://static.www.nfl.com/image/upload/f_auto,q_auto/league/jpvhsregfvw46mlyckzj"
2025,REG,0,Xavier Worthy,WR,KC,6.294428571428572,3.45903024945309,12.35821917808219,21.899715011190786,42,73,57.53424657534247,532.0,1,5.117380952380951,5.5794273834161405,-0.4620464310351897,00-0039894,"https://static.www.nfl.com/image/upload/f_auto,q_auto/league/ue6fp8xwnyo7ftvabbb8"
2025,REG,0,Deebo Samuel,WR,WAS,6.291604938271605,3.5421433779842006,5.321818181818182,13.985453387131027,72,99,72.72727272727273,727.0,5,6.423749999999999,5.335037472445612,1.088712527554387,00-0035719,"https://static.www.nfl.com/image/upload/f_auto,q_auto/league/ntgyhqg6hq7fanhhsqiw"
2025,REG,0,Alec Pierce,WR,IND,6.278333333333333,2.0751778712475626,19.052619047619046,37.32897320949586,47,84,55.95238095238096,1003.0,6,4.280425531914894,3.0026972315845697,1.277728300330324,00-0037664,"https://static.www.nfl.com/image/upload/f_auto,q_auto/league/zeghrjc8rir3r3zi6det"
2025,REG,0,Tyler Lockett,WR,LV,6.275094339622641,2.782609804936533,7.525818181818182,10.665732161078532,32,55,58.18181818181818,291.0,1,2.7437500000000004,3.780442684694334,-1.0366926846943336,00-0032211,"https://static.www.nfl.com/image/upload/f_auto,q_auto/league/gyhvviyep9iigeaobxmi"
2025,REG,0,Emeka Egbuka,WR,TB,6.22984,2.582663817611588,12.197952755905511,35.50516371237229,63,127,49.60629921259843,938.0,6,5.409365079365079,4.7292270579582,0.6801380214068793,00-0040129,"https://static.www.nfl.com/image/upload/f_auto,q_auto/league/qolqqtwamffi0pi4np7h"
2025,REG,0,T.J. Hockenson,TE,MIN,6.199333333333333,3.75453022718054,4.787575757575757,8.307087235194833,51,66,77.27272727272727,438.0,3,4.843529411764706,4.991863068728638,-0.1483336569639322,00-0035229,"https://static.www.nfl.com/image/upload/f_auto,q_auto/league/rs8o65x0u0n9xzde0fd6"
2025,REG,0,Mack Hollins,WR,NE,6.187230769230769,2.6658014816271023,12.99676923076923,19.185165839644817,46,65,70.76923076923077,550.0,2,2.2780434782608694,2.541906688566809,-0.2638632103059395,00-0033555,"https://static.www.nfl.com/image/upload/f_auto,q_auto/league/qbz7whjzsittudcecezw"
2025,REG,0,Jaylen Waddle,WR,MIA,6.186734693877551,2.734334202299693,12.2635,38.66160573264271,64,100,64.0,910.0,6,4.122187499999999,3.976442134962368,0.1457453650376314,00-0036613,"https://static.www.nfl.com/image/upload/f_auto,q_auto/league/dsxd2zcqm42wsv4ewtfc"
2025,REG,0,Keenan Allen,WR,LAC,6.175677966101695,2.5631738400655677,8.481967213114753,23.36761999390292,81,122,66.39344262295081,777.0,4,3.051481481481481,2.7374944046974914,0.3139870767839898,00-0030279,"https://static.www.nfl.com/image/upload/f_auto,q_auto/league/ri267r6lzfwarh89hsn6"
2025,REG,0,Brock Bowers,TE,LV,6.1466666666666665,3.0546378755299486,7.012790697674418,18.499375787933538,64,86,74.4186046511628,680.0,7,4.9067187500000005,3.9579360617740535,0.9487826882259468,00-0039338,"https://static.www.nfl.com/image/upload/f_auto,q_auto/league/uzp2ffi0lomamxofsrhy"
2025,REG,0,Cooper Kupp,WR,SEA,6.144923076923077,3.0228409010785424,8.28057142857143,15.355556203126532,47,70,67.14285714285714,593.0,2,6.18468085106383,4.110675730722097,2.0740051203417336,00-0033908,"https://static.www.nfl.com/image/upload/f_auto,q_auto/league/lpaxi9rsedlg9sdr5quw"
2025,REG,0,CeeDee Lamb,WR,DAL,6.139826086956521,2.778540830165139,12.271965811965815,28.33545810128632,75,117,64.1025641025641,1077.0,3,4.461333333333334,3.964039590841371,0.497293742491963,00-0036358,"https://static.www.nfl.com/image/upload/f_auto,q_auto/league/ijxzvtumjhqu3zva1bwc"
2025,REG,0,Mason Taylor,TE,NYJ,6.108750000000001,3.2476017894183298,5.938461538461539,11.82326364959032,44,65,67.6923076923077,369.0,1,3.23090909090909,3.724925111698894,-0.4940160207898039,00-0040736,"https://static.www.nfl.com/image/upload/f_auto,q_auto/league/bk7wjtjt7dpc5qsuil4z"
2025,REG,0,Amon-Ra St. Brown,WR,DET,6.096335403726709,2.950004605096908,8.346686046511628,38.42517872580745,117,172,68.02325581395348,1401.0,11,5.161538461538463,4.817071116951077,0.344467344587386,00-0036963,"https://static.www.nfl.com/image/upload/f_auto,q_auto/league/fd8nwhm6pvxfyzphzl6i"
2025,REG,0,Van Jefferson,WR,TEN,6.0706,2.6335520206653737,12.024038461538462,16.11120272930603,29,52,55.76923076923077,350.0,1,3.0910344827586207,2.52735979131191,0.5636746914467108,00-0036415,"https://static.www.nfl.com/image/upload/f_auto,q_auto/league/aavlanyckqnsej61ulir"
2025,REG,0,Jameson Williams,WR,DET,6.055306122448981,3.184677725796329,12.379215686274508,33.79610670820652,65,102,63.725490196078425,1109.0,7,6.811846153846154,4.970863491244859,1.840982662601295,00-0037240,"https://static.www.nfl.com/image/upload/f_auto,q_auto/league/gpjarmglg1jhwq5wr1uu"
2025,REG,0,JuJu Smith-Schuster,WR,KC,6.032682926829269,3.4575172396040816,5.08,5.549271020959057,33,45,73.33333333333333,345.0,1,6.098181818181819,6.064027137494542,0.0341546806872763,00-0033857,"https://static.www.nfl.com/image/upload/f_auto,q_auto/league/fmjrhk2zt9z22uifctv0"
2025,REG,0,Zach Ertz,TE,WAS,6.030158730158729,2.725448884831627,8.662083333333335,16.55526651093651,50,72,69.44444444444444,504.0,4,2.9292000000000007,3.684778399476365,-0.7555783994763643,00-0030061,"https://static.www.nfl.com/image/upload/f_auto,q_auto/league/xktmmeumuoglbuam75iz"
2025,REG,0,Sterling Shepard,WR,TB,6.029423076923077,3.205955018260777,8.698867924528303,10.56670196234822,39,53,73.58490566037736,371.0,1,3.86948717948718,3.646006466478948,0.2234807130082323,00-0032385,"https://static.www.nfl.com/image/upload/f_auto,q_auto/league/l47czwi8aaznnit0se5h"
2025,REG,0,Puka Nacua,WR,LAR,6.020314465408805,2.879876071026951,8.893614457831326,27.92465106953642,129,166,77.71084337349397,1715.0,10,5.627054263565891,4.285594428109051,1.34145983545684,00-0039075,"https://static.www.nfl.com/image/upload/f_auto,q_auto/league/zvi4hdm6fywcekfe7ceb"
2025,REG,0,Hunter Henry,TE,NE,6.016249999999999,3.01504326959347,7.975747126436781,15.75822952978982,60,87,68.96551724137932,768.0,7,6.139833333333332,5.815268792249168,0.3245645410841637,00-0033090,"https://static.www.nfl.com/image/upload/f_auto,q_auto/league/l0fsrutz9fwbohx10lcf"
2025,REG,0,Juwan Johnson,TE,NO,5.996666666666666,3.648809897426189,7.310098039215686,16.128529866646474,77,102,75.49019607843137,889.0,3,4.90948051948052,4.820702894304669,0.0887776251758509,00-0036040,"https://static.www.nfl.com/image/upload/f_auto,q_auto/league/wuyyzdqkh5fve8t7kfuv"
2025,REG,0,Romeo Doubs,WR,GB,5.987176470588234,2.266009533159456,12.795176470588236,27.05097848039556,55,85,64.70588235294117,724.0,6,3.220909090909092,2.858490799186507,0.3624182917225846,00-0037816,"https://static.www.nfl.com/image/upload/f_auto,q_auto/league/ov2llp1bfetznmngqybi"
2025,REG,0,Dallas Goedert,TE,PHI,5.985820895522389,3.360714903567619,7.115853658536586,13.912798821167485,60,82,73.17073170731707,591.0,11,4.064666666666668,3.957396386449625,0.1072702802170426,00-0034351,"https://static.www.nfl.com/image/upload/f_auto,q_auto/league/a6ljhwvkehvyiufdx3d1"
2025,REG,0,Michael Wilson,WR,ARI,5.981370967741934,2.4353189951454493,11.377063492063494,31.859884162847663,78,126,61.90476190476191,1006.0,7,3.805641025641026,3.23191626559958,0.5737247600414466,00-0038559,"https://static.www.nfl.com/image/upload/f_auto,q_auto/league/yc8awtck004bz2a5oeb8"
2025,REG,0,Dalton Kincaid,TE,BUF,5.967631578947369,3.4208099131570937,9.091020408163264,12.98838375591892,39,49,79.59183673469387,571.0,5,6.962820512820515,5.939149500868324,1.0236710119521906,00-0038933,"https://static.www.nfl.com/image/upload/f_auto,q_auto/league/zwkeaiecuyafkidllebz"
2025,REG,0,Oronde Gadsden,TE,LAC,5.957586206896552,3.163673433649344,9.020434782608696,14.055122110944255,49,69,71.01449275362319,664.0,3,4.921428571428571,3.5727520984338623,1.3486764729947085,00-0040189,"https://static.www.nfl.com/image/upload/f_auto,q_auto/league/r8b4oghjwhw8x9nv1wbs"
2025,REG,0,Michael Mayer,TE,LV,5.92,3.4526623761818023,4.396600000000001,6.743024008392356,35,50,70.0,328.0,1,6.059142857142857,5.826999179030926,0.2321436781119308,00-0039066,"https://static.www.nfl.com/image/upload/f_auto,q_auto/league/crb4nzumiww6ftxcyiqm"
2025,REG,0,Tyler Warren,TE,IND,5.911954022988506,3.3098936455412025,5.509821428571429,14.393540050474188,76,112,67.85714285714286,817.0,4,6.664078947368421,6.04490507031785,0.6191738770505708,00-0040128,"https://static.www.nfl.com/image/upload/f_auto,q_auto/league/jt2almbzdk0kbha39otb"
2025,REG,0,Dontayvion Wicks,WR,GB,5.9111627906976745,2.1693210690095976,11.311086956521738,12.941360818998534,30,46,65.21739130434783,332.0,2,2.418333333333334,2.009416015000086,0.4089173183332479,00-0038393,"https://static.www.nfl.com/image/upload/f_auto,q_auto/league/er7pbyq82nsbw1w3wyor"
2025,REG,0,Jake Ferguson,TE,DAL,5.874533333333333,3.3069435180725164,4.8510784313725495,9.764920410007855,82,102,80.3921568627451,600.0,8,3.901585365853658,3.7210317940756608,0.1805535717779971,00-0038041,"https://static.www.nfl.com/image/upload/f_auto,q_auto/league/ebdz1yf8ky2mscdvyv1v"
2025,REG,0,Justin Jefferson,WR,MIN,5.848560606060605,3.233035504377624,10.352978723404256,38.37722872751555,84,141,59.57446808510638,1048.0,2,5.267619047619048,4.488937379782847,0.7786816678362012,00-0036322,"https://static.www.nfl.com/image/upload/f_auto,q_auto/league/f0ccavu3ppzcs51e1cuv"
2025,REG,0,Stefon Diggs,WR,NE,5.835773195876288,3.0207758245932177,8.530098039215687,19.75927418896977,85,102,83.33333333333334,1013.0,4,4.420235294117647,3.574381760728974,0.8458535333886728,00-0031588,"https://static.www.nfl.com/image/upload/f_auto,q_auto/league/cemcexmscsarpvwhafln"
2025,REG,0,Theo Johnson,TE,NYG,5.825573770491803,3.006633466327494,8.061891891891893,13.596645167171872,45,74,60.810810810810814,528.0,5,4.817111111111111,5.327130809538438,-0.5100196984273273,00-0039847,"https://static.www.nfl.com/image/upload/f_auto,q_auto/league/naoiheinxogchairenzf"
2025,REG,0,Cole Kmet,TE,CHI,5.8243243243243255,3.63214753282762,8.677708333333335,9.301136376323894,30,48,62.5,347.0,2,5.538666666666667,5.2691951650581474,0.2694715016085194,00-0036290,"https://static.www.nfl.com/image/upload/f_auto,q_auto/league/ysnui8mzlu2fo70ub0yt"
2025,REG,0,Elic Ayomanor,WR,TEN,5.820843373493975,2.6574799351235754,12.244606741573037,28.080776326774625,41,89,46.06741573033708,515.0,4,3.0490243902439023,3.1780201654662443,-0.128995775222342,00-0040170,"https://static.www.nfl.com/image/upload/f_auto,q_auto/league/aekfvt5nyl69emvxr2yj"
2025,REG,0,Chigoziem Okonkwo,TE,TEN,5.806842105263158,3.8640859936594985,4.439620253164556,9.037476422630151,56,79,70.88607594936708,560.0,2,6.403392857142859,5.231296959395588,1.1720958977472709,00-0037809,"https://static.www.nfl.com/image/upload/f_auto,q_auto/league/omm5z5iq6dlmidqz1sgz"
2025,REG,0,Ladd McConkey,WR,LAC,5.795728155339806,3.2648420915847893,9.984622641509436,23.89987241297549,66,106,62.264150943396224,789.0,6,4.769393939393939,3.7608559203086176,1.008538019085321,00-0039915,"https://static.www.nfl.com/image/upload/f_auto,q_auto/league/qsvdiebsa34jtkcrjpju"
2025,REG,0,Adonai Mitchell,WR,NYJ,5.787567567567567,2.7551420698697213,14.778378378378378,25.50765742861541,33,74,44.5945945945946,453.0,2,2.5360606060606066,1.6989911217097202,0.8370694843508864,00-0039890,"https://static.www.nfl.com/image/upload/f_auto,q_auto/league/hwwacoa3pqapd7pgahfx"
2025,REG,0,Drake London,WR,ATL,5.783055555555555,2.659067628669084,10.785357142857142,29.547478107724668,68,112,60.71428571428571,919.0,7,3.983823529411765,3.339193655639866,0.6446298737718994,00-0037238,"https://static.www.nfl.com/image/upload/f_auto,q_auto/league/np91pvk7mczra1iyjkmo"
2025,REG,0,A.J. Brown,WR,PHI,5.740588235294117,2.2443304359534424,11.571074380165292,33.38356406086821,78,121,64.46280991735537,1003.0,7,3.440000000000001,2.3799447538817087,1.0600552461182922,00-0035676,"https://static.www.nfl.com/image/private/f_auto,q_auto/league/a014sgzctarbvhwb35lw"
2025,REG,0,Jayden Higgins,WR,HOU,5.7382089552238815,2.698871699101625,12.03441176470588,18.01768874934773,41,68,60.29411764705882,525.0,6,3.239268292682927,3.33158057704798,-0.092312284365053,00-0040130,"https://static.www.nfl.com/image/upload/f_auto,q_auto/league/wrdw1u4onrmfuuluuipk"
2025,REG,0,Ja'Marr Chase,WR,CIN,5.726342857142857,3.1733631580962807,8.423513513513512,34.10038316020735,125,185,67.56756756756756,1412.0,8,5.1983200000000025,3.8898919822864695,1.308428017713533,00-0036900,"https://static.www.nfl.com/image/upload/f_auto,q_auto/league/qya3dtjb5kgofcuj2tuw"
2025,REG,0,Tetairoa McMillan,WR,CAR,5.724285714285715,2.693659769519541,12.431311475409832,44.54057673500672,70,122,57.377049180327866,1013.0,7,3.818714285714286,3.713764339019258,0.1049499466950281,00-0040124,"https://static.www.nfl.com/image/upload/f_auto,q_auto/league/hokqp6gl5xujtlqwecg8"
2025,REG,0,Colby Parkinson,TE,LAR,5.722978723404256,3.547992106419126,4.658035714285714,4.933921204796032,43,56,76.78571428571429,408.0,8,6.710000000000001,6.271805975552422,0.4381940244475792,00-0036244,"https://static.www.nfl.com/image/upload/f_auto,q_auto/league/b1qzivnz0zqa8cjgah8r"
2025,REG,0,Darius Slayton,WR,NYG,5.72047619047619,2.7084140568845023,13.384920634920633,19.218497162522507,37,63,58.730158730158735,538.0,1,5.37972972972973,4.5973848378681055,0.7823448918616247,00-0035535,"https://static.www.nfl.com/image/upload/f_auto,q_auto/league/fyjkvaekv40jn72d0b3q"
2025,REG,0,Christian Kirk,WR,HOU,5.711162790697674,2.539941257185657,7.239807692307691,8.28887660809314,28,52,53.84615384615385,239.0,1,4.165000000000001,4.414072859662677,-0.2490728596626761,00-0034775,"https://static.www.nfl.com/image/upload/f_auto,q_auto/league/bugikrmfz5k4jvyaogza"
2025,REG,0,Keon Coleman,WR,BUF,5.707627118644068,2.7758866249426752,11.962542372881355,20.578887826269508,38,59,64.40677966101694,404.0,4,2.607631578947369,3.0045989355643594,-0.3969673566169902,00-0039901,"https://static.www.nfl.com/image/upload/f_auto,q_auto/league/f3cx4kmpdmqftr79ueiv"
2025,REG,0,Harold Fannin,TE,CLE,5.69824175824176,2.940575431177144,5.864766355140187,18.085688923729595,72,107,67.28971962616822,731.0,6,5.136527777777779,3.921353950659201,1.215173827118578,00-0040663,"https://static.www.nfl.com/image/upload/f_auto,q_auto/league/fxublmpnxx9uggsddwik"
2025,REG,0,David Njoku,TE,CLE,5.68121212121212,2.664604271288044,5.042708333333334,6.975986811767962,33,48,68.75,293.0,4,5.319090909090908,4.522202723633669,0.7968881854572398,00-0033885,"https://static.www.nfl.com/image/upload/f_auto,q_auto/league/gdwtgcfz3mxj6codxdpn"
2025,REG,0,Jauan Jennings,WR,SF,5.648352941176471,2.2130390894813177,10.163555555555554,22.42202590475443,55,90,61.11111111111112,643.0,9,3.3510909090909085,2.640521319075817,0.710569590015091,00-0036259,"https://static.www.nfl.com/image/upload/f_auto,q_auto/league/cdx9mq3iglzog9mkqvdr"
2025,REG,0,Travis Kelce,TE,KC,5.642235294117647,3.2110720981975143,6.313518518518519,16.55216945910386,76,108,70.37037037037037,851.0,5,6.100394736842105,5.673551849083705,0.4268428877583998,00-0030506,"https://static.www.nfl.com/image/upload/f_auto,q_auto/league/ebc5j60djpinc9elvlc5"
2025,REG,0,Jerry Jeudy,WR,CLE,5.626857142857142,2.472050607213956,11.945,36.49157290417781,50,106,47.16981132075472,602.0,2,3.4798,3.504733689285388,-0.0249336892853877,00-0036407,"https://static.www.nfl.com/image/upload/f_auto,q_auto/league/szca1v9butuqkjs7ekpm"
2025,REG,0,Kyle Pitts,TE,ATL,5.607234042553192,3.5547753226125387,7.164237288135594,20.67853823198473,88,118,74.57627118644068,928.0,5,4.923749999999999,5.802081083591696,-0.8783310835916964,00-0036970,"https://static.www.nfl.com/image/upload/f_auto,q_auto/league/tbec213me3pszzszecqo"
2025,REG,0,Cade Otton,TE,TB,5.561911764705882,3.500573888283252,4.845308641975309,8.99512736240414,59,81,72.8395061728395,572.0,1,5.535932203389832,4.8033917668775725,0.7325404365122594,00-0038129,"https://static.www.nfl.com/image/upload/f_auto,q_auto/league/dlgxvfpnufpnxkvu1ynb"
2025,REG,0,Jalen Nailor,WR,MIN,5.551632653061224,2.4318935683424594,12.969056603773582,18.07063574271638,29,53,54.71698113207547,444.0,4,4.420689655172415,3.045533865892135,1.37515578928028,00-0037291,"https://static.www.nfl.com/image/upload/f_auto,q_auto/league/sdsx2pttiiwbfpyuuwiz"
2025,REG,0,Andrei Iosivas,WR,CIN,5.551272727272727,2.4575159979854915,9.867241379310345,12.523277365538338,33,58,56.896551724137936,435.0,2,3.44939393939394,3.5493435499500565,-0.0999496105561168,00-0038619,"https://static.www.nfl.com/image/upload/f_auto,q_auto/league/zvanfldklpds1gp08bsp"
2025,REG,0,Brian Thomas,WR,JAX,5.523258426966292,2.6550007311032955,14.173846153846153,26.43864762818384,48,91,52.74725274725275,707.0,2,3.740625,3.48875235033251,0.2518726496674901,00-0039893,"https://static.www.nfl.com/image/upload/f_auto,q_auto/league/plnekkriys4cm11rnxwl"
2025,REG,0,Calvin Austin,WR,PIT,5.521702127659574,2.82084959407632,10.246181818181816,18.31274717204312,31,55,56.36363636363636,372.0,3,4.643225806451613,3.9702717132507375,0.6729540932008757,00-0037837,"https://static.www.nfl.com/image/private/f_auto,q_auto/league/qlt6ztqcbu0uzad6aavt"
2025,REG,0,Xavier Hutchinson,WR,HOU,5.5209090909090905,3.045248814335496,9.07701754385965,11.391563386886904,35,57,61.40350877192983,428.0,3,4.554857142857143,4.008151917155871,0.5467052257012721,00-0038618,"https://static.www.nfl.com/image/upload/f_auto,q_auto/league/hv3mfhadliph08b4pl4s"
2025,REG,0,Jonnu Smith,TE,PIT,5.499750000000001,3.7720448858153577,4.023703703703704,7.060712115451483,38,54,70.37037037037037,222.0,2,4.901842105263158,4.904117063295025,-0.002274958031867,00-0033858,"https://static.www.nfl.com/image/upload/f_auto,q_auto/league/egd6llghj3n5wfdrqacw"
2025,REG,0,Trey McBride,TE,ARI,5.460229007633587,3.0601982826134013,6.878047337278108,25.834218632623767,126,169,74.55621301775149,1239.0,11,4.718571428571429,4.003918270948723,0.7146531576227062,00-0037744,"https://static.www.nfl.com/image/upload/f_auto,q_auto/league/vd7av3vdfs6q7ncjogac"
2025,REG,0,Pat Freiermuth,TE,PIT,5.445777777777777,3.1859144751381248,5.947407407407408,10.436387624256252,41,54,75.92592592592592,486.0,4,6.879268292682927,4.518835927241951,2.3604323654409765,00-0036894,"https://static.www.nfl.com/image/upload/f_auto,q_auto/league/vmwioi77upc9hqwaskfa"
2025,REG,0,Mike Evans,WR,TB,5.431290322580645,1.9202565162146088,13.597903225806451,19.32255210696884,30,62,48.38709677419355,368.0,3,1.650666666666666,2.269146259393674,-0.6184795927270086,00-0031408,"https://static.www.nfl.com/image/upload/f_auto,q_auto/league/yaxorbdsvk1ucfuiyrkj"
2025,REG,0,Dalton Schultz,TE,HOU,5.427142857142857,3.7679802090013466,6.25254716981132,14.592447604180656,82,106,77.35849056603774,777.0,3,4.574634146341464,4.472910022505238,0.1017241238362256,00-0034383,"https://static.www.nfl.com/image/upload/f_auto,q_auto/league/xbl9mhuamzv5udb4hyzj"
2025,REG,0,Colston Loveland,TE,CHI,5.38375,3.6848323272703034,8.929756097560974,16.350956954359603,58,82,70.73170731707317,713.0,6,4.838620689655172,4.096072461240441,0.7425482284147309,00-0040126,"https://static.www.nfl.com/image/upload/f_auto,q_auto/league/tyjb6vfug7gaunvcune3"
2025,REG,0,Dawson Knox,TE,BUF,5.318157894736841,3.6420425140505337,7.011836734693876,10.017844230365514,36,49,73.46938775510205,417.0,4,5.504722222222222,5.222543590935168,0.2821786312870538,00-0035689,"https://static.www.nfl.com/image/upload/f_auto,q_auto/league/mswln16dmfhi7m7pzh7q"
2025,REG,0,Courtland Sutton,WR,DEN,5.272857142857143,2.2785379059503152,12.563387096774193,35.580658643930754,74,124,59.67741935483871,1017.0,7,3.295,3.1799108542486247,0.1150891457513751,00-0034348,"https://static.www.nfl.com/image/upload/f_auto,q_auto/league/r2sr6cbma4c7wc3isejj"
2025,REG,0,Quentin Johnston,WR,LAC,5.252682926829268,2.3646944838775346,12.307738095238095,23.346167308365423,51,84,60.71428571428571,735.0,8,4.7125490196078434,3.9609909165822894,0.751558103025554,00-0038544,"https://static.www.nfl.com/image/upload/f_auto,q_auto/league/bpzdpin1xp1kjxmbkq6d"
2025,REG,0,Tee Higgins,WR,CIN,5.22721649484536,1.8328989708439576,13.532551020408164,29.020173352093813,59,98,60.204081632653065,846.0,11,3.214237288135593,2.832124991033906,0.382112297101687,00-0036410,"https://static.www.nfl.com/image/upload/f_auto,q_auto/league/flr9f8oqigbyroeaubxb"
2025,REG,0,George Pickens,WR,DAL,5.171386861313869,2.3122277471058705,11.722700729927007,31.694104459644542,93,137,67.88321167883211,1429.0,9,5.275591397849462,3.116940695650294,2.1586507021991683,00-0037247,"https://static.www.nfl.com/image/upload/f_auto,q_auto/league/cbpyykoguf7rsxezqzvk"
2025,REG,0,Davante Adams,WR,LAR,5.161592920353982,2.167408852757707,13.186052631578947,28.43289129484932,60,114,52.63157894736842,789.0,14,2.059999999999999,2.670229675458089,-0.6102296754580903,00-0031381,"https://static.www.nfl.com/image/upload/f_auto,q_auto/league/qtonvcqpixixqhc6lhnc"
2025,REG,0,George Kittle,TE,SF,5.138679245283019,3.645511359877865,6.953913043478261,11.761562521448392,57,69,82.6086956521739,628.0,7,4.753859649122807,3.860868964579888,0.892990684542919,00-0033288,"https://static.www.nfl.com/image/upload/f_auto,q_auto/league/ztz3xqjaqgok9m4nylgs"
2025,REG,0,Marvin Harrison,WR,ARI,4.941944444444444,2.419982614294804,13.550410958904113,21.984611349907325,41,73,56.16438356164384,608.0,4,3.0292682926829264,2.3919797668604503,0.6372885258224761,00-0039849,"https://static.www.nfl.com/image/upload/f_auto,q_auto/league/hwpoo1icpnh8emjvqaii"
2025,REG,0,Kayshon Boutte,WR,NE,4.895217391304348,2.321621965595475,17.24717391304348,18.01741855632644,33,46,71.73913043478261,551.0,6,1.263030303030303,1.6914035875225768,-0.4283732844922738,00-0038608,"https://static.www.nfl.com/image/upload/f_auto,q_auto/league/mg4icjqhwhnc5uobmau5"
2025,REG,0,Gunnar Helm,TE,TEN,4.873684210526316,3.522395676310812,5.375090909090909,7.617680708300266,44,55,80.0,357.0,2,3.932727272727273,4.746395379484237,-0.8136681067569635,00-0040584,"https://static.www.nfl.com/image/upload/f_auto,q_auto/league/lcyqbbnrzgtbnirz8knj"
2025,REG,0,Nico Collins,WR,HOU,4.872136752136753,2.3131666031317177,12.904249999999998,34.0941066124746,71,120,59.16666666666666,1117.0,6,4.875915492957748,3.187746001189072,1.6881694917686767,00-0036554,"https://static.www.nfl.com/image/upload/f_auto,q_auto/league/osmqyvmib3pssxi6cyic"
2025,REG,0,Jake Tonges,TE,SF,4.86921052631579,3.5873290514406206,5.251521739130434,5.921471923442724,34,46,73.91304347826086,293.0,5,4.734705882352941,4.902457691752971,-0.1677518094000305,00-0037112,"https://static.www.nfl.com/image/upload/f_auto,q_auto/league/uztcdowl4wig2uhy1qxh"
2025,REG,0,Mark Andrews,TE,BAL,4.64952380952381,2.910679028926652,7.8167142857142835,16.233463773834558,48,70,68.57142857142857,422.0,5,2.2789583333333336,2.6876307713202947,-0.408672437986961,00-0034753,"https://static.www.nfl.com/image/upload/f_auto,q_auto/league/wzx3p0hzm3qyqsrfqznb"
2025,REG,0,AJ Barner,TE,SEA,4.621851851851852,4.103580064882184,4.763235294117648,8.580609782266034,52,68,76.47058823529412,519.0,6,5.357500000000001,4.57608811331179,0.7814118866882112,00-0039793,"https://static.www.nfl.com/image/upload/f_auto,q_auto/league/ul77k5rqbqzd5zzqsaea"
2025,REG,0,DK Metcalf,WR,PIT,4.497835051546391,2.629921503950311,9.822121212121214,31.598701463291,59,99,59.59595959595959,850.0,6,7.602542372881357,4.797211116733467,2.8053312561478903,00-0035640,"https://static.www.nfl.com/image/upload/f_auto,q_auto/league/tknefloqsleltfmslj2y"
